{
  "name": "real-estate-starter",
  "version": "0.1.0",
  "private": true,
  "scripts": {
    "dev": "next dev",
    "build": "next build",
    "start": "next start",
    "lint": "next lint"
  },
  "dependencies": {
    "axios": "^1.6.2",
    "contentful": "^7.23.0",
    "next": "14.0.3",
    "react": "^18",
    "react-dom": "^18",
    "sanity": "^3.9.0",
    "@sanity/client": "^3.9.0",
    "@sanity/image-url": "^1.0.3",
    "typescript": "^5",
    "@types/react": "^18",
    "@types/node": "^18",
    "@types/react-dom": "^18"
  },
  "devDependencies": {
    "@tailwindcss/forms": "^0.5.7",
    "@tailwindcss/typography": "^0.5.9"
  }
}